processes,Speedup,Efficiency,Serial-Fraction
1.0,1.0,1.0,-1
12.0,0.057142857142857141,0.0047619047619047615,19.18181818181818
24.0,0.1111111111111111,0.0046296296296296294,9.4347826086956506
48.0,0.083333333333333329,0.001736111111111111,12.276595744680852
96.0,0.083333333333333329,0.00086805555555555551,12.136842105263156
120.0,0.083333333333333329,0.00069444444444444436,12.109243697478991
144.0,0.083333333333333329,0.00057870370370370367,12.09090909090909
192.0,0.083333333333333329,0.00043402777777777775,12.068062827225132
